step,FL_HAA,FR_HAA,HL_HAA,HR_HAA,FL_HFE,FR_HFE,HL_HFE,HR_HFE,FL_KFE,FR_KFE,HL_KFE,HR_KFE,HL_AFE,HR_AFE
0,0.0,0.0,0.0,0.0,0.4102,0.4102,-0.6981,-0.6981,-1.2716,-1.2716,1.676,1.676,-1.7219,-1.7219
0,0.0,0.0,0.0,0.0,0.5708960890769958,0.5001646876335144,-0.842898964881897,-0.6602506041526794,-1.0300754308700562,-1.204411506652832,1.1162904500961304,2.495570182800293,-1.8917872905731201,-1.5074776411056519
0,-0.08524391800165176,-0.059781480580568314,-0.04276253655552864,-0.025031806901097298,0.5690552592277527,0.4853532910346985,-0.845152735710144,-0.5843002200126648,-1.0111159086227417,-1.0801634788513184,1.1631067991256714,2.430940628051758,-1.864309549331665,-1.5640453100204468
0,-0.16656997799873352,-0.14140114188194275,-0.107185497879982,-0.019203852862119675,0.5306168794631958,0.4551520049571991,-0.8266262412071228,-0.4754043519496918,-0.877873957157135,-0.9405131340026855,1.2230589389801025,2.315558433532715,-1.8489114046096802,-1.7534431219100952
0,-0.18678152561187744,-0.21478164196014404,-0.18703196942806244,-0.009816272184252739,0.48233944177627563,0.4279334843158722,-0.7840642333030701,-0.38592690229415894,-0.7840074896812439,-0.910631000995636,1.2865582704544067,2.1388802528381348,-1.8864737749099731,-1.763261318206787
0,-0.20813614130020142,-0.2732417583465576,-0.2611134648323059,0.01017878856509924,0.43285733461380005,0.3837569057941437,-0.7101849913597107,-0.314556360244751,-0.6958616971969604,-0.7861299514770508,1.2831507921218872,1.944932460784912,-1.9348543882369995,-1.9594547748565674
0,-0.24199143052101135,-0.3199775516986847,-0.3345172703266144,0.004784208722412586,0.3925759792327881,0.3521999418735504,-0.6621658802032471,-0.2787512242794037,-0.6415857672691345,-0.745934784412384,1.297837257385254,1.731338620185852,-1.9803626537322998,-1.9741631746292114
0,-0.2896398603916168,-0.3716362416744232,-0.41176867485046387,-0.03186214342713356,0.35951778292655945,0.3376935124397278,-0.6303706169128418,-0.28508633375167847,-0.6214281916618347,-0.6996493935585022,1.3242560625076294,1.6227781772613525,-2.00626540184021,-1.933189034461975
0,-0.31188851594924927,-0.40654614567756653,-0.44635462760925293,-0.060203686356544495,0.33595120906829834,0.40170732140541077,-0.5938661694526672,-0.25928887724876404,-0.6058580279350281,-0.8173367381095886,1.3355846405029297,1.6800590753555298,-2.0586369037628174,-1.9822654724121094
0,-0.31983837485313416,-0.4196103811264038,-0.45955342054367065,-0.0682888925075531,0.3323276937007904,0.4460025429725647,-0.5676028728485107,-0.21455125510692596,-0.5833921432495117,-0.8806895613670349,1.3344526290893555,1.6933563947677612,-2.107426404953003,-2.068135976791382
0,-0.32199719548225403,-0.42297086119651794,-0.4659392833709717,-0.07061462104320526,0.34045302867889404,0.47433626651763916,-0.5538694262504578,-0.1788540482521057,-0.5795682668685913,-0.9171767234802246,1.3482863903045654,1.7004557847976685,-2.149167776107788,-2.128807306289673
0,-0.321159690618515,-0.4223862588405609,-0.4699651896953583,-0.07214552164077759,0.3494183123111725,0.49067172408103943,-0.5437642931938171,-0.14754828810691833,-0.5771076679229736,-0.9336725473403931,1.3649646043777466,1.6985551118850708,-2.183431386947632,-2.171539306640625
0,-0.31911301612854004,-0.4199669361114502,-0.47330451011657715,-0.07483216375112534,0.35762473940849304,0.49835801124572754,-0.5354633331298828,-0.11984901875257492,-0.5732633471488953,-0.9364998936653137,1.3817665576934814,1.68830406665802,-2.2107527256011963,-2.1996567249298096
0,-0.3165370523929596,-0.4166233241558075,-0.4767351746559143,-0.07946860790252686,0.36538416147232056,0.49993792176246643,-0.5297743082046509,-0.09785028547048569,-0.568820059299469,-0.9304863810539246,1.3995667695999146,1.6734553575515747,-2.230774164199829,-2.2140188217163086
0,-0.3136434257030487,-0.4126562774181366,-0.48052799701690674,-0.08628369867801666,0.37356770038604736,0.4972943961620331,-0.5266131162643433,-0.08351797610521317,-0.5655776858329773,-0.9194233417510986,1.4181804656982422,1.6565762758255005,-2.243790626525879,-2.2142174243927
0,-0.3104668855667114,-0.4080837070941925,-0.48455342650413513,-0.09479863941669464,0.3825457692146301,0.4915018379688263,-0.5251303315162659,-0.07761996984481812,-0.564054012298584,-0.9050033688545227,1.436543583869934,1.640318751335144,-2.250866413116455,-2.2006678581237793
0,-0.30674004554748535,-0.402748703956604,-0.488434374332428,-0.10417865961790085,0.3927774131298065,0.4832584261894226,-0.5244913101196289,-0.08014233410358429,-0.5653268098831177,-0.8882296085357666,1.453680157661438,1.626068115234375,-2.2532215118408203,-2.1739091873168945
0,-0.30201515555381775,-0.39658182859420776,-0.4918067157268524,-0.11359196156263351,0.40442731976509094,0.47336703538894653,-0.5246446132659912,-0.0905243456363678,-0.5691173076629639,-0.8700684905052185,1.4695152044296265,1.6139386892318726,-2.251450300216675,-2.134986639022827
0,-0.2970295548439026,-0.38987821340560913,-0.4944669306278229,-0.12254227697849274,0.4177737832069397,0.4628511369228363,-0.5256397128105164,-0.10797220468521118,-0.5765187740325928,-0.8518480062484741,1.4835416078567505,1.6040213108062744,-2.2448649406433105,-2.08475661277771
0,-0.2918975353240967,-0.3826914131641388,-0.4963991045951843,-0.13050758838653564,0.4324968159198761,0.4528215229511261,-0.5268564820289612,-0.12983211874961853,-0.5869677662849426,-0.83442223072052,1.4960739612579346,1.594919204711914,-2.235499382019043,-2.025752305984497
0,-0.2866504192352295,-0.37537652254104614,-0.4975079596042633,-0.13701188564300537,0.4480043947696686,0.44425955414772034,-0.528354287147522,-0.15079018473625183,-0.5985618829727173,-0.8183563947677612,1.5075570344924927,1.5834170579910278,-2.223911762237549,-1.964038372039795
0,-0.2823614180088043,-0.36875343322753906,-0.49833253026008606,-0.14266322553157806,0.4643199145793915,0.43885090947151184,-0.529958188533783,-0.16797427833080292,-0.612041175365448,-0.8090308904647827,1.5176007747650146,1.5687936544418335,-2.2097973823547363,-1.9042030572891235
0,-0.27898699045181274,-0.36381152272224426,-0.49911972880363464,-0.1474304050207138,0.4806889295578003,0.4379940330982208,-0.5314792990684509,-0.17977994680404663,-0.6253123879432678,-0.803057074546814,1.5273135900497437,1.5511534214019775,-2.1952571868896484,-1.8490052223205566
0,-0.27630555629730225,-0.35987725853919983,-0.49954789876937866,-0.15102539956569672,0.4973701536655426,0.43973392248153687,-0.5319510698318481,-0.18695031106472015,-0.6388530731201172,-0.7994546294212341,1.5355579853057861,1.5316095352172852,-2.1813347339630127,-1.7982995510101318
0,-0.2743816077709198,-0.35718193650245667,-0.4995799660682678,-0.1534029245376587,0.5147744417190552,0.4436160922050476,-0.52998286485672,-0.1905178278684616,-0.6539604663848877,-0.7974870800971985,1.5405217409133911,1.5114247798919678,-2.1691689491271973,-1.751477837562561
0,-0.2734367549419403,-0.3568148910999298,-0.4994731843471527,-0.15361733734607697,0.5329760313034058,0.4478987157344818,-0.5247620940208435,-0.1911802589893341,-0.6709594130516052,-0.7955857515335083,1.5417183637619019,1.492415189743042,-2.160767078399658,-1.7100722789764404
0,-0.2735438644886017,-0.3573709726333618,-0.4990983307361603,-0.14914849400520325,0.552545964717865,0.4549639821052551,-0.5158398747444153,-0.18916738033294678,-0.6909403800964355,-0.7955597043037415,1.538689374923706,1.4773858785629272,-2.156771183013916,-1.6795192956924438
0,-0.2742983400821686,-0.3584262430667877,-0.4982641041278839,-0.1383596509695053,0.5732463002204895,0.46424514055252075,-0.5037876963615417,-0.18628835678100586,-0.7139815092086792,-0.7992227077484131,1.5318973064422607,1.4685276746749878,-2.1568949222564697,-1.6604856252670288
0,-0.27557095885276794,-0.3599361777305603,-0.4970513880252838,-0.12231244146823883,0.5951768159866333,0.47343820333480835,-0.4886349141597748,-0.1852937638759613,-0.7401441335678101,-0.8015809655189514,1.521504521369934,1.4668899774551392,-2.1614482402801514,-1.6563317775726318
0,-0.27752143144607544,-0.36309629678726196,-0.4969773292541504,-0.105401910841465,0.6162069439888,0.48087918758392334,-0.46897441148757935,-0.1880284547805786,-0.7730927467346191,-0.7992883920669556,1.5060573816299438,1.47221839427948,-2.1700315475463867,-1.6596401929855347
0,-0.2720983028411865,-0.3659719228744507,-0.49601975083351135,-0.08313269168138504,0.6386038064956665,0.4858509302139282,-0.4432899057865143,-0.19960366189479828,-0.8351233601570129,-0.7929454445838928,1.4827708005905151,1.4882160425186157,-2.1852569580078125,-1.7001526355743408
0,-0.27496036887168884,-0.3736039996147156,-0.4993583559989929,-0.06340888887643814,0.6599116325378418,0.48467114567756653,-0.40768754482269287,-0.22469738125801086,-0.8911665678024292,-0.7728407979011536,1.4484280347824097,1.5206273794174194,-2.2061707973480225,-1.7263866662979126
0,-0.2720940113067627,-0.3813692331314087,-0.5024901032447815,-0.038045790046453476,0.671349048614502,0.47358816862106323,-0.36323919892311096,-0.2576466500759125,-0.9666304588317871,-0.7343829274177551,1.401286244392395,1.5571396350860596,-2.23177170753479,-1.7847261428833008
0,-0.266776978969574,-0.39030852913856506,-0.5054817199707031,-0.015081407502293587,0.6747163534164429,0.4543899893760681,-0.31726187467575073,-0.296493262052536,-1.012982964515686,-0.6830043792724609,1.3482271432876587,1.5964775085449219,-2.2560033798217773,-1.811183214187622
0,-0.2752925455570221,-0.3954456150531769,-0.5101779103279114,-0.01815980114042759,0.6806746125221252,0.44400569796562195,-0.29066985845565796,-0.3250655233860016,-1.0059747695922852,-0.6684554815292358,1.3255127668380737,1.6234753131866455,-2.266052007675171,-1.7669695615768433
0,-0.2768070101737976,-0.38219135999679565,-0.5095083713531494,-0.015717122703790665,0.67512047290802,0.45490431785583496,-0.2867477238178253,-0.3221493363380432,-0.9728797078132629,-0.7499926090240479,1.3429293632507324,1.6226129531860352,-2.261601686477661,-1.7312374114990234
0,-0.26789912581443787,-0.3380061089992523,-0.49874040484428406,-0.0016107532428577542,0.6568111777305603,0.4668062627315521,-0.3013595640659332,-0.2912140190601349,-0.9095674753189087,-0.8624978065490723,1.3931989669799805,1.6004077196121216,-2.242532968521118,-1.7154144048690796
0,-0.24875077605247498,-0.25838425755500793,-0.4777340292930603,0.024477677419781685,0.6312004923820496,0.4580990970134735,-0.32576167583465576,-0.24157236516475677,-0.8280948996543884,-1.01339590549469,1.4601413011550903,1.5627692937850952,-2.2155239582061768,-1.711704134941101
0,-0.2325827181339264,-0.19903473556041718,-0.4571288228034973,0.050803471356630325,0.6037322878837585,0.453786700963974,-0.3490821123123169,-0.18330176174640656,-0.7441691756248474,-1.0599172115325928,1.5201138257980347,1.5200464725494385,-2.1848819255828857,-1.7194660902023315
0,-0.22608406841754913,-0.18794701993465424,-0.4444827735424042,0.06659388542175293,0.58918696641922,0.4535265862941742,-0.36823174357414246,-0.14418372511863708,-0.6934835314750671,-1.0236176252365112,1.5577908754348755,1.4866960048675537,-2.150355100631714,-1.713876485824585
0,-0.228823721408844,-0.19361867010593414,-0.4413260519504547,0.07026706635951996,0.5885559916496277,0.4493439197540283,-0.38318121433258057,-0.12676048278808594,-0.6859935522079468,-0.9871641397476196,1.576661467552185,1.4667062759399414,-2.1118593215942383,-1.6907912492752075
0,-0.23502518236637115,-0.21016210317611694,-0.4489445984363556,0.057525455951690674,0.5897696614265442,0.45921698212623596,-0.3858289420604706,-0.12339720129966736,-0.7315256595611572,-0.97490394115448,1.5788674354553223,1.4589842557907104,-2.0767388343811035,-1.6486730575561523
0,-0.1974554806947708,-0.23150557279586792,-0.4630970358848572,0.032616738229990005,0.5636924505233765,0.46820080280303955,-0.37247252464294434,-0.1351819932460785,-0.9456939697265625,-0.964365541934967,1.5633866786956787,1.4671140909194946,-2.0541515350341797,-1.6445070505142212
0,-0.12803436815738678,-0.2551305890083313,-0.4719424247741699,0.05158984288573265,0.4581383764743805,0.47685036063194275,-0.35013917088508606,-0.17981500923633575,-1.0670877695083618,-0.9520598649978638,1.5345674753189087,1.5769903659820557,-2.0476598739624023,-2.0386879444122314
0,-0.07854697108268738,-0.2735579311847687,-0.46685150265693665,0.12594537436962128,0.32490336894989014,0.4825187921524048,-0.3400205373764038,-0.23179379105567932,-1.0261415243148804,-0.9313902258872986,1.5158603191375732,1.6994259357452393,-2.0411651134490967,-2.4177918434143066
0,-0.06675253808498383,-0.29262492060661316,-0.4587906301021576,0.20827771723270416,0.21020357310771942,0.48823264241218567,-0.34315943717956543,-0.2801530063152313,-0.9452866911888123,-0.9074216485023499,1.511816382408142,1.7760000228881836,-2.028052806854248,-2.6275904178619385
0,-0.09523604810237885,-0.31619518995285034,-0.4575306475162506,0.2544912099838257,0.1262149065732956,0.488995760679245,-0.34838026762008667,-0.33004406094551086,-0.8399029970169067,-0.868908703327179,1.5193122625350952,1.7966630458831787,-2.016596794128418,-2.5595526695251465
0,-0.13173483312129974,-0.35235080122947693,-0.47951048612594604,0.24682199954986572,0.13083508610725403,0.47533124685287476,-0.34174877405166626,-0.3712085485458374,-0.8178021907806396,-0.7901431918144226,1.5399956703186035,1.7958495616912842,-2.0119788646698,-2.398317337036133
0,-0.16283220052719116,-0.37613239884376526,-0.4997369647026062,0.2338227480649948,0.13471396267414093,0.4635414481163025,-0.3324204683303833,-0.38697218894958496,-0.7675949335098267,-0.7767539024353027,1.5752933025360107,1.8079359531402588,-2.019911527633667,-2.2558891773223877
0,-0.16960011422634125,-0.3620932400226593,-0.4988248944282532,0.25083938241004944,0.14972324669361115,0.4585111737251282,-0.3107033371925354,-0.3713185489177704,-0.752813994884491,-0.8481270670890808,1.6023706197738647,1.8511760234832764,-2.0440526008605957,-2.229405403137207
0,-0.16311313211917877,-0.3102041184902191,-0.4861638844013214,0.2745605707168579,0.17211297154426575,0.4403607249259949,-0.2843169569969177,-0.3561233878135681,-0.7542897462844849,-0.9161549806594849,1.620194435119629,1.8700534105300903,-2.0690033435821533,-2.206483840942383
0,-0.16110165417194366,-0.29674187302589417,-0.4731047749519348,0.29479852318763733,0.19309701025485992,0.4323447644710541,-0.2631075084209442,-0.35195666551589966,-0.760981559753418,-0.9263564348220825,1.6286449432373047,1.8871004581451416,-2.0788846015930176,-2.169198989868164
0,-0.15893730521202087,-0.2783648669719696,-0.4579218029975891,0.31508779525756836,0.211813822388649,0.41992267966270447,-0.24752415716648102,-0.352341890335083,-0.7664587497711182,-0.9220917820930481,1.634511947631836,1.900370478630066,-2.077049732208252,-2.122953414916992
0,-0.15925155580043793,-0.23726335167884827,-0.4441401958465576,0.33224761486053467,0.22791244089603424,0.39588844776153564,-0.2366100698709488,-0.3515684902667999,-0.7698853015899658,-0.9202445149421692,1.6369825601577759,1.9081144332885742,-2.064690351486206,-2.077840566635132
0,-0.16603083908557892,-0.2349277138710022,-0.43146812915802,0.34789401292800903,0.24363453686237335,0.4031970500946045,-0.2294391244649887,-0.3401801288127899,-0.7749629020690918,-0.9090340733528137,1.636884093284607,1.9076098203659058,-2.0440752506256104,-2.043280839920044
0,-0.17212407290935516,-0.22892481088638306,-0.4190919101238251,0.3629048764705658,0.2605283260345459,0.4078182578086853,-0.22391043603420258,-0.32643619179725647,-0.7823203802108765,-0.8803092837333679,1.6359055042266846,1.903030276298523,-2.0199456214904785,-2.011345386505127
0,-0.17548434436321259,-0.23067016899585724,-0.40649348497390747,0.3775083124637604,0.2782149314880371,0.409479558467865,-0.21711833775043488,-0.31283438205718994,-0.7902486324310303,-0.8593413829803467,1.6329041719436646,1.895456314086914,-1.9953937530517578,-1.9785287380218506
0,-0.17614863812923431,-0.22854898869991302,-0.3937363028526306,0.39174947142601013,0.2958837151527405,0.41605260968208313,-0.20825491845607758,-0.29756811261177063,-0.7969674468040466,-0.8547951579093933,1.627213716506958,1.8837167024612427,-1.971006989479065,-1.9462521076202393
0,-0.17563362419605255,-0.2241179347038269,-0.3822924792766571,0.40361857414245605,0.31369397044181824,0.4206848442554474,-0.19693399965763092,-0.280565083026886,-0.8034032583236694,-0.8495391607284546,1.6165450811386108,1.8686201572418213,-1.9491368532180786,-1.916800856590271
0,-0.17482911050319672,-0.2215467095375061,-0.3720637261867523,0.41357797384262085,0.33037132024765015,0.4340347945690155,-0.18547596037387848,-0.2600996196269989,-0.8073558211326599,-0.8442419171333313,1.6033517122268677,1.8492684364318848,-1.938791275024414,-1.891251564025879
0,-0.17397066950798035,-0.220531165599823,-0.36338064074516296,0.42001214623451233,0.34553834795951843,0.4495084583759308,-0.17778798937797546,-0.23964136838912964,-0.8090745806694031,-0.8392264246940613,1.5890600681304932,1.8271243572235107,-1.935289740562439,-1.8662433624267578
0,-0.17173190414905548,-0.2189425826072693,-0.3567793667316437,0.42335039377212524,0.36069539189338684,0.4639296531677246,-0.1779322773218155,-0.2200041562318802,-0.8115426898002625,-0.8372480869293213,1.5769318342208862,1.801683783531189,-1.9451689720153809,-1.8406989574432373
0,-0.1670343577861786,-0.21412135660648346,-0.350746214389801,0.4254629909992218,0.3778143525123596,0.4779392182826996,-0.18922631442546844,-0.19870758056640625,-0.817990779876709,-0.8381689786911011,1.5815175771713257,1.7713758945465088,-1.979322910308838,-1.817156434059143
0,-0.16094163060188293,-0.2078852653503418,-0.3468846082687378,0.424907386302948,0.39771363139152527,0.4938754737377167,-0.21466104686260223,-0.17388197779655457,-0.8303581476211548,-0.847038984298706,1.5737301111221313,1.7354639768600464,-2.0387253761291504,-1.7996312379837036
0,-0.1536104828119278,-0.20064175128936768,-0.34985971450805664,0.4223560094833374,0.4179685711860657,0.510414183139801,-0.2563183605670929,-0.14584854245185852,-0.8422594666481018,-0.8591845035552979,1.5838183164596558,1.6968084573745728,-2.0568277835845947,-1.7879747152328491
0,-0.14774192869663239,-0.19535964727401733,-0.3594655990600586,0.4142291247844696,0.43431344628334045,0.5278504490852356,-0.2952026128768921,-0.1177062839269638,-0.8455197215080261,-0.8749402165412903,1.6028095483779907,1.6570839881896973,-2.082627534866333,-1.7769043445587158
0,-0.14180094003677368,-0.19032521545886993,-0.37187477946281433,0.4025624096393585,0.4475172758102417,0.5423708558082581,-0.33305254578590393,-0.0930512547492981,-0.8410779237747192,-0.8880749940872192,1.6175053119659424,1.618337869644165,-2.040966510772705,-1.760425329208374
0,-0.137738898396492,-0.18691334128379822,-0.3830186128616333,0.38513386249542236,0.4561268091201782,0.555063784122467,-0.35200461745262146,-0.07579156011343002,-0.8275385499000549,-0.8998664617538452,1.623366355895996,1.580955982208252,-1.9865835905075073,-1.731623649597168
0,-0.1281481832265854,-0.18631598353385925,-0.39289745688438416,0.3609476387500763,0.44360965490341187,0.5653133988380432,-0.35864391922950745,-0.06931377947330475,-0.8683046102523804,-0.9116158485412598,1.6171048879623413,1.5442522764205933,-1.9274241924285889,-1.6854597330093384
0,-0.10662264376878738,-0.1960867941379547,-0.41376516222953796,0.32010573148727417,0.3993872404098511,0.575351357460022,-0.3441731929779053,-0.08447839319705963,-1.0166147947311401,-0.9256266951560974,1.586178183555603,1.541244387626648,-1.8835190534591675,-1.762675166130066
0,-0.08297780901193619,-0.21498779952526093,-0.4411875307559967,0.28841716051101685,0.3167716860771179,0.5806339383125305,-0.310350626707077,-0.14750586450099945,-1.1286624670028687,-0.9285239577293396,1.5374966859817505,1.6285151243209839,-1.859836459159851,-2.128960132598877
0,-0.05991426482796669,-0.2246169000864029,-0.4540843069553375,0.29696714878082275,0.21032634377479553,0.568794310092926,-0.28802910447120667,-0.23834583163261414,-1.093990445137024,-0.8953694701194763,1.5068621635437012,1.736925721168518,-1.8387986421585083,-2.4971835613250732
0,-0.05159251391887665,-0.22479994595050812,-0.45395222306251526,0.3202893137931824,0.11220622807741165,0.5377922654151917,-0.2831582725048065,-0.3395434617996216,-1.0001256465911865,-0.8221291303634644,1.5003360509872437,1.8008043766021729,-1.8120986223220825,-2.672884464263916
0,-0.07388795167207718,-0.222463920712471,-0.4514939785003662,0.3284941017627716,0.03979344293475151,0.4834955334663391,-0.278482049703598,-0.4483506381511688,-0.8554913997650146,-0.700140118598938,1.504487156867981,1.8087817430496216,-1.792263388633728,-2.5086262226104736
0,-0.1054166927933693,-0.21700581908226013,-0.4490669369697571,0.33289089798927307,0.01180168054997921,0.4279941916465759,-0.2740606963634491,-0.545677125453949,-0.7356737852096558,-0.5860557556152344,1.522209882736206,1.7839711904525757,-1.783064842224121,-2.2393877506256104
0,-0.11515630781650543,-0.21410015225410461,-0.4602794349193573,0.3376925587654114,0.06777045875787735,0.4133607745170593,-0.24893853068351746,-0.6111204028129578,-0.7789680361747742,-0.6186103224754333,1.5459002256393433,1.8269338607788086,-1.7907953262329102,-2.0613739490509033
0,-0.10442688316106796,-0.17137810587882996,-0.4510783553123474,0.3567601144313812,0.10890834778547287,0.3960748314857483,-0.19452711939811707,-0.629402220249176,-0.7903173565864563,-0.6828347444534302,1.5497722625732422,1.8759868144989014,-1.8360434770584106,-1.9872667789459229
0,-0.0856369286775589,-0.09300439059734344,-0.42597800493240356,0.3856724202632904,0.1548508107662201,0.3579827547073364,-0.1280260533094406,-0.6172186732292175,-0.8226123452186584,-0.8187578320503235,1.5337398052215576,1.8847309350967407,-1.8911564350128174,-1.9395838975906372
0,-0.07542458921670914,-0.014831134118139744,-0.39713090658187866,0.412066787481308,0.19951531291007996,0.3021288812160492,-0.07741665095090866,-0.5905389785766602,-0.8624418377876282,-0.8971741199493408,1.5118738412857056,1.8791532516479492,-1.9673861265182495,-1.9108961820602417
0,-0.0805061012506485,0.04031211882829666,-0.3738407492637634,0.4310806095600128,0.23836180567741394,0.2501567602157593,-0.048357706516981125,-0.5595465898513794,-0.901099681854248,-0.9173368811607361,1.4988858699798584,1.8723784685134888,-2.0517754554748535,-1.8953273296356201
0,-0.09713238477706909,0.07485992461442947,-0.33757269382476807,0.44770917296409607,0.273813933134079,0.2153927981853485,-0.04145699739456177,-0.5214832425117493,-0.9388503432273865,-0.9435939192771912,1.4809316396713257,1.8640005588531494,-2.1725616455078125,-1.8927397727966309
0,-0.12168728560209274,0.09545448422431946,-0.29648786783218384,0.4628414511680603,0.3065999746322632,0.19662082195281982,-0.06720461696386337,-0.4816280007362366,-0.9729087352752686,-0.9514023661613464,1.4608631134033203,1.8585315942764282,-2.2326126098632812,-1.896450161933899
0,-0.15320205688476562,0.103434719145298,-0.2729484736919403,0.4740835428237915,0.3359365463256836,0.1951650083065033,-0.11725419759750366,-0.44284123182296753,-0.9968487024307251,-0.939241349697113,1.4594475030899048,1.8611788749694824,-2.234401226043701,-1.9042925834655762
0,-0.18386521935462952,0.07085864245891571,-0.26811155676841736,0.48847338557243347,0.35732752084732056,0.23999115824699402,-0.15076276659965515,-0.39467230439186096,-0.9951273202896118,-0.9566075801849365,1.5301412343978882,1.8616334199905396,-2.21437406539917,-1.9154022932052612
0,-0.20928549766540527,0.04241867735981941,-0.2640228271484375,0.5030814409255981,0.37027356028556824,0.2765352427959442,-0.17236702144145966,-0.34485843777656555,-0.9707844257354736,-0.946759045124054,1.5719550848007202,1.8575396537780762,-2.155165433883667,-1.920158863067627
0,-0.22820201516151428,0.020874550566077232,-0.25977540016174316,0.5167900919914246,0.37772801518440247,0.3039306402206421,-0.18469852209091187,-0.2994281053543091,-0.9344234466552734,-0.9234380722045898,1.6051901578903198,1.8471578359603882,-2.105362892150879,-1.9112145900726318
0,-0.24128003418445587,0.005899548530578613,-0.2555917203426361,0.5272855162620544,0.3847833275794983,0.3246197998523712,-0.19255144894123077,-0.26138678193092346,-0.8991751074790955,-0.89580237865448,1.625974178314209,1.829804539680481,-2.051572799682617,-1.887166142463684
0,-0.24916519224643707,-0.0030316112097352743,-0.2526463270187378,0.532984733581543,0.3945307433605194,0.3416699469089508,-0.19763092696666718,-0.2297532707452774,-0.8718294501304626,-0.8710141181945801,1.636025309562683,1.804997205734253,-1.9941952228546143,-1.8511323928833008
0,-0.2523757517337799,-0.006689643952995539,-0.25143876671791077,0.5327508449554443,0.40806078910827637,0.3567125201225281,-0.1993539184331894,-0.20187918841838837,-0.8537759780883789,-0.8521060943603516,1.6365433931350708,1.7723957300186157,-1.9343386888504028,-1.8075052499771118
0,-0.24805037677288055,-0.005781970918178558,-0.2531488239765167,0.5258524417877197,0.4247182607650757,0.37090227007865906,-0.19737741351127625,-0.1760738641023636,-0.8453030586242676,-0.8420438766479492,1.6281436681747437,1.7313196659088135,-1.8748644590377808,-1.7623871564865112
0,-0.2087935209274292,-0.0002070308109978214,-0.2573089897632599,0.5116926431655884,0.4238678514957428,0.38509470224380493,-0.1956518590450287,-0.15630356967449188,-0.9037959575653076,-0.8445582389831543,1.6128575801849365,1.6837446689605713,-1.8108407258987427,-1.7136285305023193
0,-0.13521797955036163,-0.0011527463793754578,-0.2751030921936035,0.4767783582210541,0.39481186866760254,0.4047774374485016,-0.1802821010351181,-0.14965404570102692,-1.0642755031585693,-0.8646184802055359,1.5811527967453003,1.6630693674087524,-1.7556318044662476,-1.8408825397491455
0,-0.0621354915201664,-0.012613917700946331,-0.3051688075065613,0.43103137612342834,0.3329893946647644,0.4243837594985962,-0.14981038868427277,-0.18483106791973114,-1.1626602411270142,-0.8836864829063416,1.5396723747253418,1.7080068588256836,-1.7207071781158447,-2.193777322769165
0,-0.00907482486218214,-0.024858610704541206,-0.3291742503643036,0.40379011631011963,0.2429899424314499,0.430982768535614,-0.12331103533506393,-0.2615296542644501,-1.1382248401641846,-0.8753625154495239,1.5055633783340454,1.7776012420654297,-1.6914254426956177,-2.5232138633728027
0,0.01680019125342369,-0.03155207261443138,-0.340057373046875,0.39043179154396057,0.15026269853115082,0.41543686389923096,-0.10629820823669434,-0.3658793568611145,-1.0380339622497559,-0.8223044872283936,1.483635663986206,1.8152616024017334,-1.6599806547164917,-2.654902935028076
0,0.009295906871557236,-0.03426850587129593,-0.34417131543159485,0.3772282600402832,0.08087056875228882,0.37032970786094666,-0.09070348739624023,-0.48672032356262207,-0.8833469748497009,-0.707726001739502,1.4708741903305054,1.8121784925460815,-1.6307121515274048,-2.4955484867095947
0,-0.024981383234262466,-0.03611691668629646,-0.3460213541984558,0.36841702461242676,0.054990556091070175,0.3110734224319458,-0.07623602449893951,-0.60302734375,-0.737015426158905,-0.5630136728286743,1.4643776416778564,1.7791595458984375,-1.6022039651870728,-2.1906063556671143
0,-0.06416036933660507,-0.017383389174938202,-0.33662891387939453,0.3771240711212158,0.07879654318094254,0.2716320753097534,-0.05700229853391647,-0.7049311399459839,-0.675183117389679,-0.5505961775779724,1.4659461975097656,1.828870177268982,-1.591644525527954,-1.9943780899047852
0,-0.05675710737705231,0.020464371889829636,-0.3161414563655853,0.40157732367515564,0.14833344519138336,0.2664073705673218,-0.011423277668654919,-0.7534558773040771,-0.7476099133491516,-0.576416015625,1.4573646783828735,1.8804762363433838,-1.6118240356445312,-1.8698656558990479
0,-0.041385602205991745,0.08684608340263367,-0.295457661151886,0.42375218868255615,0.22543054819107056,0.25948038697242737,0.05043116956949234,-0.7611553072929382,-0.8227599859237671,-0.6131393909454346,1.4271221160888672,1.8974900245666504,-1.6327390670776367,-1.7920284271240234
0,-0.029418788850307465,0.16445179283618927,-0.2709382474422455,0.44432780146598816,0.2806288003921509,0.24098457396030426,0.10408584028482437,-0.7496960163116455,-0.8801678419113159,-0.6754706501960754,1.386319875717163,1.8905683755874634,-1.6464383602142334,-1.730507254600525
0,-0.025956906378269196,0.23461516201496124,-0.24417375028133392,0.4605554938316345,0.32713592052459717,0.21125978231430054,0.13703757524490356,-0.7246041893959045,-0.9298205375671387,-0.7495825886726379,1.3535481691360474,1.8707295656204224,-1.6956024169921875,-1.6869819164276123
0,-0.031253453344106674,0.2874673902988434,-0.22527845203876495,0.4715551733970642,0.36708980798721313,0.17107129096984863,0.13219225406646729,-0.6891207695007324,-0.9764369130134583,-0.8268529176712036,1.3595582246780396,1.8413937091827393,-2.0145699977874756,-1.6615707874298096
0,-0.044150229543447495,0.32070642709732056,-0.22890372574329376,0.47631075978279114,0.40251627564430237,0.12840545177459717,0.07309653609991074,-0.6405537724494934,-1.0199490785598755,-0.9067735075950623,1.4172099828720093,1.8031457662582397,-2.4017457962036133,-1.6603808403015137
0,-0.061992332339286804,0.34058573842048645,-0.2583718001842499,0.4765831530094147,0.43385669589042664,0.08810092508792877,-0.022251565009355545,-0.5828447341918945,-1.0532795190811157,-0.9458895921707153,1.5084266662597656,1.763635516166687,-2.753460645675659,-1.6783263683319092
0,-0.08447801321744919,0.3519076406955719,-0.30022993683815,0.4738878309726715,0.46036744117736816,0.05725151672959328,-0.13501912355422974,-0.5217891931533813,-1.0702120065689087,-0.9409575462341309,1.5925792455673218,1.7303996086120605,-2.96364164352417,-1.7055343389511108
0,-0.11249717324972153,0.3556938171386719,-0.3477482199668884,0.4681713283061981,0.48145750164985657,0.0450686551630497,-0.25756821036338806,-0.4619843065738678,-1.068523645401001,-0.9021218419075012,1.653182029724121,1.7085613012313843,-3.031797170639038,-1.7356311082839966
0,-0.1410435438156128,0.3562430441379547,-0.39122796058654785,0.46568480134010315,0.5015314817428589,0.0582711286842823,-0.38856270909309387,-0.40170714259147644,-1.0559210777282715,-0.8704027533531189,1.6972534656524658,1.6957182884216309,-2.9575796127319336,-1.7657850980758667
0,-0.16513662040233612,0.3571826219558716,-0.4250516891479492,0.4713953733444214,0.5246054530143738,0.09079401940107346,-0.5209212303161621,-0.33765101432800293,-1.0398164987564087,-0.8420954942703247,1.7298672199249268,1.6855279207229614,-2.7863738536834717,-1.7938779592514038
0,-0.18285401165485382,0.36006298661231995,-0.44660910964012146,0.4861469268798828,0.5515660047531128,0.1342400163412094,-0.6440085768699646,-0.27090340852737427,-1.02284574508667,-0.8170070648193359,1.745895266532898,1.6744197607040405,-2.5517992973327637,-1.8147822618484497
0,-0.19530291855335236,0.35805875062942505,-0.45943930745124817,0.5076473951339722,0.5806530714035034,0.18757976591587067,-0.7488820552825928,-0.20235879719257355,-1.002447247505188,-0.8088316917419434,1.7481187582015991,1.6606104373931885,-2.292743682861328,-1.825964331626892
0,-0.20204180479049683,0.3482593595981598,-0.4672890603542328,0.5325077772140503,0.6047350764274597,0.24467846751213074,-0.8372007012367249,-0.13973894715309143,-0.9708146452903748,-0.827120304107666,1.806001901626587,1.6399118900299072,-2.1570236682891846,-1.8135757446289062
0,-0.2089894413948059,0.3389212489128113,-0.46739092469215393,0.5465776920318604,0.6158849000930786,0.2944643795490265,-0.8843230605125427,-0.09404639899730682,-0.9253590106964111,-0.8416892290115356,1.8913627862930298,1.6050500869750977,-2.083430528640747,-1.763611912727356
0,-0.15464545786380768,0.3322838246822357,-0.4673236608505249,0.5457223057746887,0.5892001986503601,0.33505499362945557,-0.8915442228317261,-0.06080445274710655,-1.0157406330108643,-0.852590024471283,1.9255963563919067,1.556045651435852,-2.028618097305298,-1.687658667564392
0,-0.06689156591892242,0.3143940269947052,-0.4803144037723541,0.5342355370521545,0.5020806193351746,0.3827260136604309,-0.8636192083358765,-0.06067769601941109,-1.187687635421753,-0.8843549489974976,1.9192876815795898,1.579839825630188,-2.0011754035949707,-2.0532820224761963
0,-0.004124333616346121,0.2881726622581482,-0.49876606464385986,0.5308434963226318,0.36563941836357117,0.43237560987472534,-0.8272845149040222,-0.10976923257112503,-1.2387789487838745,-0.9228374361991882,1.8993849754333496,1.6564241647720337,-1.9819051027297974,-2.4189066886901855
0,0.02877889946103096,0.26409339904785156,-0.5130127668380737,0.5379213690757751,0.21573501825332642,0.4764176607131958,-0.8035475611686707,-0.196065291762352,-1.2114043235778809,-0.9526322484016418,1.8889437913894653,1.7404676675796509,-1.955686330795288,-2.7229740619659424
0,0.04233961179852486,0.24763348698616028,-0.5206782221794128,0.5369150638580322,0.08109322935342789,0.5070890188217163,-0.7866418361663818,-0.3116775155067444,-1.168911337852478,-0.9577743411064148,1.8871296644210815,1.7890433073043823,-1.9269921779632568,-2.8600175380706787
0,0.04349552467465401,0.24014660716056824,-0.5239362716674805,0.5245699286460876,-0.020167220383882523,0.5147609114646912,-0.7603939175605774,-0.446645051240921,-1.0966323614120483,-0.9147882461547852,1.8906707763671875,1.80189847946167,-1.9138022661209106,-2.7798120975494385
0,0.038762111216783524,0.24147458374500275,-0.5252958536148071,0.5109652280807495,-0.07501078397035599,0.49106401205062866,-0.7193707227706909,-0.5868747234344482,-0.9931859374046326,-0.8045048117637634,1.9020626544952393,1.792911171913147,-1.9224607944488525,-2.5083343982696533
0,0.025463029742240906,0.2455865442752838,-0.5321840047836304,0.5025895833969116,-0.07306845486164093,0.44125136733055115,-0.6667265295982361,-0.7154273390769958,-0.8807070851325989,-0.6390712261199951,1.9206808805465698,1.7788896560668945,-1.9460951089859009,-2.1698648929595947
0,0.016880197450518608,0.2704819142818451,-0.5370230078697205,0.5107612609863281,-0.0168264489620924,0.39609619975090027,-0.6003707647323608,-0.8225396871566772,-0.7875053286552429,-0.6002599596977234,1.9308621883392334,1.8649265766143799,-1.9830458164215088,-1.9937818050384521
0,0.02261207066476345,0.32808718085289,-0.5211508274078369,0.5318387150764465,0.07709494233131409,0.3506838381290436,-0.5244286060333252,-0.8762308955192566,-0.7400267720222473,-0.6300207376480103,1.9125025272369385,1.9163331985473633,-2.021547794342041,-1.8489679098129272
0,0.03290422633290291,0.3948139250278473,-0.49334007501602173,0.5526745915412903,0.19024978578090668,0.29735255241394043,-0.4539504945278168,-0.8819819688796997,-0.7894890904426575,-0.6228682994842529,1.868129014968872,1.9031258821487427,-2.040820598602295,-1.7442622184753418
0,0.05872578173875809,0.43387678265571594,-0.4708828628063202,0.562749981880188,0.2852967083454132,0.2805235981941223,-0.38717618584632874,-0.8573621511459351,-0.9080032706260681,-0.708061158657074,1.807508945465088,1.866400957107544,-2.0289618968963623,-1.6655110120773315
0,0.07644759863615036,0.4761136770248413,-0.4465913772583008,0.5637218952178955,0.3513018786907196,0.22681932151317596,-0.32938703894615173,-0.8229100704193115,-0.9718682169914246,-0.754212498664856,1.7231416702270508,1.8206537961959839,-2.063462972640991,-1.6007109880447388
0,0.08864420652389526,0.5064507722854614,-0.4400300085544586,0.5613940358161926,0.40541958808898926,0.144871324300766,-0.30679038166999817,-0.7809662818908691,-1.016602873802185,-0.8362240195274353,1.70924711227417,1.7722692489624023,-2.36995792388916,-1.5543575286865234
0,0.09093222767114639,0.5140827894210815,-0.4479260742664337,0.5542271137237549,0.45355045795440674,0.04906685650348663,-0.3410160541534424,-0.7335532307624817,-1.0550522804260254,-0.898028552532196,1.7510145902633667,1.7251977920532227,-2.7279813289642334,-1.5286282300949097
0,0.0819435566663742,0.5000247359275818,-0.4675496220588684,0.5412530303001404,0.49609193205833435,-0.038471825420856476,-0.4181801974773407,-0.6806952953338623,-1.0846220254898071,-0.9177740812301636,1.8177686929702759,1.6815067529678345,-3.039872407913208,-1.521960973739624
0,0.06355828046798706,0.47288113832473755,-0.48603636026382446,0.5236455798149109,0.5311837196350098,-0.1002831980586052,-0.5234642028808594,-0.6211307048797607,-1.0975611209869385,-0.9015774726867676,1.8739341497421265,1.640364646911621,-3.140000104904175,-1.5299263000488281
0,0.039292287081480026,0.4412901699542999,-0.500673234462738,0.5035225749015808,0.5578696727752686,-0.12520276010036469,-0.6432778239250183,-0.5578294396400452,-1.088283658027649,-0.8646454215049744,1.9123386144638062,1.603816270828247,-3.1399998664855957,-1.5437109470367432
0,0.013846570625901222,0.41300421953201294,-0.5084686279296875,0.48463237285614014,0.5777541995048523,-0.10921162366867065,-0.7730183601379395,-0.4868919253349304,-1.0582664012908936,-0.8259130716323853,1.9362590312957764,1.567616581916809,-3.042564868927002,-1.5633807182312012
0,-0.010319133289158344,0.3911983370780945,-0.5078852772712708,0.46851304173469543,0.5921992659568787,-0.0548541396856308,-0.9065667390823364,-0.40250271558761597,-1.0105910301208496,-0.7940213084220886,1.943791151046753,1.5236674547195435,-2.7539737224578857,-1.5909942388534546
0,-0.01483129058033228,0.38356488943099976,-0.49002015590667725,0.4708181619644165,0.60003662109375,0.04068654030561447,-1.0260415077209473,-0.3042440116405487,-0.9352151155471802,-0.8766482472419739,1.945770263671875,1.4656440019607544,-2.3760194778442383,-1.6089142560958862
0,-0.01574387401342392,0.3793919086456299,-0.4773384630680084,0.4712800085544586,0.606629490852356,0.12054920941591263,-1.0964314937591553,-0.21908673644065857,-1.0257149934768677,-0.9177026152610779,1.9161477088928223,1.4121602773666382,-2.0303828716278076,-1.5973085165023804
0,-0.0028391850646585226,0.36991214752197266,-0.4782097041606903,0.4614312946796417,0.5765575766563416,0.19358955323696136,-1.0980538129806519,-0.1514841616153717,-1.1410725116729736,-0.9458298087120056,1.8471417427062988,1.3742502927780151,-1.7536243200302124,-1.560221791267395
0,0.02742413803935051,0.35286009311676025,-0.49718722701072693,0.4502773582935333,0.4939061105251312,0.2650112211704254,-1.066666603088379,-0.12817803025245667,-1.2397767305374146,-0.9699540734291077,1.839024305343628,1.4148216247558594,-1.6123155355453491,-1.8289257287979126
0,0.05125940591096878,0.3303796350955963,-0.525332510471344,0.45649453997612,0.35469311475753784,0.33460238575935364,-1.0167820453643799,-0.17552334070205688,-1.2622706890106201,-1.0027154684066772,1.85580575466156,1.5348008871078491,-1.6244529485702515,-2.2279553413391113
0,0.07110989093780518,0.31564992666244507,-0.5437230467796326,0.4892125129699707,0.19587664306163788,0.39419522881507874,-0.96190345287323,-0.2703128457069397,-1.2454540729522705,-1.029754400253296,1.8616780042648315,1.6574000120162964,-1.6481410264968872,-2.5671608448028564
0,0.08988140523433685,0.31210166215896606,-0.5511007905006409,0.5292155146598816,0.05061762407422066,0.44019997119903564,-0.9138252139091492,-0.3955211937427521,-1.2088345289230347,-1.0382640361785889,1.8661670684814453,1.7355124950408936,-1.6616826057434082,-2.7373547554016113
0,0.10410614311695099,0.31666964292526245,-0.5539066195487976,0.5606866478919983,-0.060985393822193146,0.46790528297424316,-0.8602136969566345,-0.5384311676025391,-1.147433876991272,-1.01160728931427,1.8683637380599976,1.7643414735794067,-1.6774444580078125,-2.6988093852996826
0,0.11246395111083984,0.3257536292076111,-0.558495819568634,0.5825730562210083,-0.1255500614643097,0.4723086953163147,-0.7898321151733398,-0.6851497888565063,-1.0512739419937134,-0.9348502159118652,1.8660567998886108,1.7594966888427734,-1.7058125734329224,-2.445457696914673
0,0.10831739753484726,0.3360341787338257,-0.5701858997344971,0.6001144051551819,-0.1307576298713684,0.44357722997665405,-0.7011181116104126,-0.8129459619522095,-0.9274330735206604,-0.7848637700080872,1.8612736463546753,1.7374255657196045,-1.7446062564849854,-2.0816140174865723
0,0.08769936114549637,0.35531535744667053,-0.5933395624160767,0.6084876656532288,-0.07524824142456055,0.39799702167510986,-0.5917076468467712,-0.8952642679214478,-0.8159381747245789,-0.6576566100120544,1.8376942873001099,1.7007429599761963,-1.7893996238708496,-1.821507215499878
0,0.07095293700695038,0.41657498478889465,-0.6080998778343201,0.6170250773429871,0.022017404437065125,0.3475314676761627,-0.4837559461593628,-0.9531681537628174,-0.7638436555862427,-0.6558258533477783,1.7920475006103516,1.7755533456802368,-1.815021276473999,-1.7056678533554077
0,0.0904042050242424,0.5021020770072937,-0.6068646907806396,0.6202503442764282,0.1506064236164093,0.28736039996147156,-0.38489609956741333,-0.9547903537750244,-0.8683461546897888,-0.711763858795166,1.7165206670761108,1.7898563146591187,-1.8081796169281006,-1.6070045232772827
0,0.1173022910952568,0.5785499215126038,-0.5856509208679199,0.6146095395088196,0.2628552317619324,0.21862660348415375,-0.28447678685188293,-0.9122862219810486,-0.9721487760543823,-0.8027272820472717,1.598331332206726,1.7707890272140503,-1.9545538425445557,-1.562251091003418
0,0.12997519969940186,0.6295050978660583,-0.5729737281799316,0.6048483848571777,0.3513369858264923,0.1369258463382721,-0.24230867624282837,-0.8517580032348633,-1.038345217704773,-0.9143900275230408,1.5727283954620361,1.742771029472351,-2.3775386810302734,-1.5499674081802368
0,0.12628936767578125,0.6400129795074463,-0.5612114667892456,0.5897043943405151,0.4265560507774353,0.04293381795287132,-0.26775556802749634,-0.7869774699211121,-1.0929710865020752,-0.9760827422142029,1.6161948442459106,1.7113646268844604,-2.7523980140686035,-1.5523780584335327
0,0.10618830472230911,0.6148887872695923,-0.5470080971717834,0.5671260952949524,0.49132969975471497,-0.0443841852247715,-0.33223316073417664,-0.7235395908355713,-1.1359937191009521,-0.9851360321044922,1.678826093673706,1.6810287237167358,-3.089744806289673,-1.558298945426941
0,0.07359719276428223,0.5711632370948792,-0.520994246006012,0.537578284740448,0.5438768863677979,-0.1072022095322609,-0.4214872419834137,-0.6573200821876526,-1.158182978630066,-0.9665681719779968,1.71981680393219,1.6480813026428223,-3.140000104904175,-1.5659003257751465
0,0.034739818423986435,0.5253422856330872,-0.49026140570640564,0.5040386915206909,0.5846961736679077,-0.13420981168746948,-0.519984245300293,-0.5894373059272766,-1.1541519165039062,-0.9302417635917664,1.740925908088684,1.6151907444000244,-3.1399998664855957,-1.5708059072494507
0,-0.005834145471453667,0.4856770932674408,-0.4584122598171234,0.4697735607624054,0.6147423386573792,-0.11954273283481598,-0.6281338334083557,-0.5143986940383911,-1.1232291460037231,-0.9043116569519043,1.7543096542358398,1.5794446468353271,-3.105942487716675,-1.5780138969421387
0,-0.045640770345926285,0.45526522397994995,-0.42608702182769775,0.43692469596862793,0.6346009969711304,-0.06649452447891235,-0.7480821013450623,-0.4222598075866699,-1.0663331747055054,-0.8781368732452393,1.7673951387405396,1.5325000286102295,-2.895843744277954,-1.5973514318466187
0,-0.08577282726764679,0.4282819628715515,-0.3990497291088104,0.40281158685684204,0.6453744769096375,0.018038524314761162,-0.867534875869751,-0.3171190321445465,-0.9885124564170837,-0.844362199306488,1.7717238664627075,1.47086501121521,-2.5426223278045654,-1.6198559999465942
0,-0.08810858428478241,0.4091765582561493,-0.3721622824668884,0.3809680640697479,0.6465456485748291,0.131508469581604,-0.9702878594398499,-0.22122788429260254,-1.036071538925171,-0.9493204355239868,1.7841886281967163,1.4027634859085083,-2.1925668716430664,-1.6039857864379883
0,-0.0572122298181057,0.39176130294799805,-0.36877933144569397,0.34852513670921326,0.609176754951477,0.22185461223125458,-1.0129978656768799,-0.15475347638130188,-1.2040271759033203,-1.0101580619812012,1.7582937479019165,1.345414161682129,-1.8946584463119507,-1.5405246019363403
0,-0.003300477284938097,0.3659822642803192,-0.4004089832305908,0.3189467489719391,0.5018088817596436,0.309032678604126,-1.0072832107543945,-0.1411142349243164,-1.3081812858581543,-1.0648643970489502,1.7715716361999512,1.3727750778198242,-1.7442476749420166,-1.7749428749084473
0,0.04857151582837105,0.33598044514656067,-0.44051632285118103,0.3327646255493164,0.33119308948516846,0.38797175884246826,-0.9639177918434143,-0.20190048217773438,-1.2899056673049927,-1.1167067289352417,1.7910248041152954,1.5030325651168823,-1.736096739768982,-2.2082934379577637
0,0.10088445991277695,0.31775444746017456,-0.46309903264045715,0.39728665351867676,0.1536227911710739,0.4509083032608032,-0.9116994738578796,-0.302499383687973,-1.2602863311767578,-1.14957594871521,1.7914479970932007,1.6343340873718262,-1.7445237636566162,-2.550644636154175
0,0.1479971706867218,0.30883923172950745,-0.4752061665058136,0.4772185683250427,0.00030304488609544933,0.5000820755958557,-0.863357663154602,-0.42660149931907654,-1.212063193321228,-1.1602542400360107,1.7900514602661133,1.7196989059448242,-1.7460248470306396,-2.7333970069885254
0,0.18245218694210052,0.30293235182762146,-0.4872678220272064,0.5416390299797058,-0.1132977306842804,0.5356865525245667,-0.8040616512298584,-0.5660362243652344,-1.1482855081558228,-1.1445527076721191,1.7788636684417725,1.747652530670166,-1.750481367111206,-2.695671796798706
0,0.20457381010055542,0.2974465489387512,-0.5053703188896179,0.5849815011024475,-0.17680864036083221,0.5545458793640137,-0.7241806387901306,-0.7090997099876404,-1.0497947931289673,-1.0922801494598389,1.7553178071975708,1.7359237670898438,-1.766332983970642,-2.443836212158203
0,0.20505519211292267,0.28953635692596436,-0.5344507694244385,0.6130691766738892,-0.18060380220413208,0.5508845448493958,-0.6235538125038147,-0.8380499482154846,-0.9233193397521973,-0.9862786531448364,1.7237589359283447,1.7109969854354858,-1.7906312942504883,-2.081909418106079
0,0.18818525969982147,0.28388193249702454,-0.5720382928848267,0.6305255889892578,-0.12068324536085129,0.5122666358947754,-0.5018548965454102,-0.9221614003181458,-0.8201554417610168,-0.8052502274513245,1.6793345212936401,1.67331063747406,-1.8211920261383057,-1.8133397102355957
0,0.17345240712165833,0.33626943826675415,-0.6035318374633789,0.6432323455810547,-0.024897614493966103,0.46728938817977905,-0.3794683814048767,-0.9673187732696533,-0.7471624612808228,-0.7504956722259521,1.6192450523376465,1.6729934215545654,-1.8371649980545044,-1.640464425086975
0,0.20261552929878235,0.42913737893104553,-0.6190112829208374,0.6404152512550354,0.11039179563522339,0.434643030166626,-0.2628776729106903,-0.9601330161094666,-0.8226314783096313,-0.8307991623878479,1.53182053565979,1.7168837785720825,-1.8203685283660889,-1.576874852180481
0,0.23198503255844116,0.5335860252380371,-0.6059849262237549,0.6293259263038635,0.23505227267742157,0.38060933351516724,-0.15448275208473206,-0.9080756902694702,-0.9046377539634705,-0.9392750263214111,1.4147987365722656,1.7148756980895996,-2.004972457885742,-1.5502238273620605
0,0.24541687965393066,0.6160895824432373,-0.5750551223754883,0.6136882901191711,0.3325255215167999,0.30334702134132385,-0.113475002348423,-0.8463129997253418,-0.9607323408126831,-1.0621010065078735,1.3880010843276978,1.6963754892349243,-2.4282443523406982,-1.5367940664291382
0,0.23673246800899506,0.6555969715118408,-0.5362299084663391,0.5877128839492798,0.416962206363678,0.20806318521499634,-0.1388539969921112,-0.7844037413597107,-1.0160399675369263,-1.1358333826065063,1.42399263381958,1.6694928407669067,-2.813284397125244,-1.530671238899231
0,0.20539823174476624,0.6557865142822266,-0.49142202734947205,0.5492761731147766,0.48989251255989075,0.11528865993022919,-0.20156030356884003,-0.7235406637191772,-1.0649744272232056,-1.1407402753829956,1.4715105295181274,1.639400601387024,-3.120784044265747,-1.528769612312317
0,0.1553429216146469,0.6323802471160889,-0.43745142221450806,0.49963679909706116,0.5468166470527649,0.04684489220380783,-0.2877413332462311,-0.6615574359893799,-1.0907135009765625,-1.1183619499206543,1.5008643865585327,1.606878638267517,-3.140000581741333,-1.5282028913497925
0,0.09535907953977585,0.6011282801628113,-0.37944138050079346,0.4443957805633545,0.5889319181442261,0.014050583355128765,-0.37896767258644104,-0.5987076163291931,-1.0873265266418457,-1.0832628011703491,1.5113838911056519,1.5756604671478271,-3.140000820159912,-1.5254019498825073
0,0.03225817531347275,0.5702517032623291,-0.3184947073459625,0.3884809613227844,0.6179369688034058,0.02161850593984127,-0.47681310772895813,-0.5252102017402649,-1.0542268753051758,-1.0615986585617065,1.5160787105560303,1.5407979488372803,-3.095552921295166,-1.531005859375
0,-0.03053881786763668,0.5419667363166809,-0.2580934166908264,0.3338179588317871,0.6353257894515991,0.06362637877464294,-0.5869709253311157,-0.43280571699142456,-0.993355929851532,-1.034317970275879,1.5283091068267822,1.4948604106903076,-2.885531187057495,-1.5530508756637573
0,-0.09398811310529709,0.5113143920898438,-0.2086581438779831,0.2762940227985382,0.6432216763496399,0.12955713272094727,-0.7017850279808044,-0.3290158808231354,-0.9106385707855225,-0.9737510085105896,1.5422714948654175,1.435315489768982,-2.5381460189819336,-1.5786213874816895
0,-0.14461636543273926,0.46858230233192444,-0.18191467225551605,0.2146131694316864,0.6578745245933533,0.23536358773708344,-0.8037737607955933,-0.241311177611351,-0.9332628846168518,-1.0301986932754517,1.5643669366836548,1.3707153797149658,-2.172816276550293,-1.5653685331344604
0,-0.1400223821401596,0.43294334411621094,-0.18328100442886353,0.14673854410648346,0.6446685194969177,0.33489784598350525,-0.8556798696517944,-0.19026227295398712,-1.1967545747756958,-1.114521861076355,1.5690137147903442,1.3081971406936646,-1.8810678720474243,-1.480207920074463
0,-0.06058984994888306,0.39541101455688477,-0.2458162009716034,0.1022632047533989,0.5289828181266785,0.41935837268829346,-0.8674301505088806,-0.21150018274784088,-1.3643046617507935,-1.1831021308898926,1.6420226097106934,1.3476779460906982,-1.8632721900939941,-1.707496166229248
0,0.03412564471364021,0.3572304844856262,-0.3025907576084137,0.13185061514377594,0.33221733570098877,0.49077147245407104,-0.8268944025039673,-0.3007754683494568,-1.3284310102462769,-1.2439110279083252,1.6518319845199585,1.4962451457977295,-1.8655749559402466,-2.143735408782959
0,0.12751471996307373,0.3346807658672333,-0.3335791826248169,0.24101516604423523,0.13645267486572266,0.5433064699172974,-0.7874239683151245,-0.41183292865753174,-1.2653688192367554,-1.2773669958114624,1.6533671617507935,1.6410579681396484,-1.8737012147903442,-2.4978785514831543
0,0.20588067173957825,0.3174157738685608,-0.355636864900589,0.3739752471446991,-0.018174834549427032,0.5848768949508667,-0.7478162050247192,-0.5306223630905151,-1.1958318948745728,-1.2900052070617676,1.6508190631866455,1.7262123823165894,-1.8770900964736938,-2.6576855182647705
0,0.26037153601646423,0.29509690403938293,-0.38547027111053467,0.4822521507740021,-0.11947953701019287,0.61942458152771,-0.6872194409370422,-0.6550946235656738,-1.1199703216552734,-1.2862040996551514,1.6280620098114014,1.7449756860733032,-1.887446403503418,-2.588613271713257
0,0.2946876883506775,0.26786625385284424,-0.4268336892127991,0.5575428009033203,-0.16536164283752441,0.6443264484405518,-0.6030147671699524,-0.7788963317871094,-1.016748309135437,-1.2582749128341675,1.5874803066253662,1.7223279476165771,-1.9069604873657227,-2.3125247955322266
0,0.29770150780677795,0.23457442224025726,-0.4822732210159302,0.6071857213973999,-0.1533835530281067,0.6566635966300964,-0.49940159916877747,-0.8862698674201965,-0.9040349125862122,-1.1943278312683105,1.5382142066955566,1.6930001974105835,-1.930673360824585,-1.97904634475708
0,0.2813793122768402,0.2037590891122818,-0.5444021821022034,0.6384630799293518,-0.08648840337991714,0.6467279195785522,-0.3810795843601227,-0.953357994556427,-0.8370957970619202,-1.079701542854309,1.4822373390197754,1.6587764024734497,-1.9538511037826538,-1.746280312538147
0,0.26930445432662964,0.19561608135700226,-0.5984861850738525,0.6536096930503845,0.0007945739198476076,0.6127662658691406,-0.26921311020851135,-0.9882701635360718,-0.7584206461906433,-0.9349173903465271,1.4199597835540771,1.654759168624878,-1.957323670387268,-1.619583249092102
0,0.2871567904949188,0.2583295702934265,-0.6248128414154053,0.6429241299629211,0.08787506818771362,0.5783335566520691,-0.17622233927249908,-1.000137448310852,-0.7435814142227173,-0.947668194770813,1.3441517353057861,1.705782175064087,-1.9307764768600464,-1.5495787858963013
0,0.31194138526916504,0.3634318709373474,-0.6341890692710876,0.620390772819519,0.22399283945560455,0.5332754254341125,-0.08816874772310257,-0.9813106656074524,-0.835196316242218,-1.0405364036560059,1.2733432054519653,1.7355540990829468,-2.1664090156555176,-1.5073590278625488
0,0.32625412940979004,0.47876256704330444,-0.5971976518630981,0.5976209044456482,0.3212875723838806,0.4713943600654602,-0.05149177089333534,-0.9450711011886597,-0.8855392336845398,-1.1670558452606201,1.2596334218978882,1.7329304218292236,-2.5913259983062744,-1.4720360040664673
0,0.3196738660335541,0.5636841058731079,-0.5293459296226501,0.5641381740570068,0.41182053089141846,0.39704379439353943,-0.06157814338803291,-0.9021860361099243,-0.9506749510765076,-1.2601786851882935,1.267915964126587,1.710363745689392,-2.9141247272491455,-1.443294882774353
0,0.28802669048309326,0.6084840297698975,-0.44607314467430115,0.5162683129310608,0.48780128359794617,0.3213014006614685,-0.10320930182933807,-0.860334575176239,-1.0086917877197266,-1.2736998796463013,1.28243088722229,1.6820197105407715,-3.140000343322754,-1.4179978370666504
0,0.23165178298950195,0.6219469904899597,-0.3542696535587311,0.4531686007976532,0.5442749857902527,0.2612431049346924,-0.1629033386707306,-0.8196973204612732,-1.039347767829895,-1.2295140027999878,1.2830030918121338,1.6573102474212646,-3.1400017738342285,-1.399431824684143
0,0.16219249367713928,0.6195939183235168,-0.2579887807369232,0.3826710283756256,0.5852445363998413,0.23217958211898804,-0.22447609901428223,-0.7744919061660767,-1.0410144329071045,-1.2049680948257446,1.268405795097351,1.6377323865890503,-3.1400036811828613,-1.3935682773590088
0,0.08917636424303055,0.6108075380325317,-0.1585734337568283,0.310595840215683,0.6143034100532532,0.23414413630962372,-0.2929997742176056,-0.7188382148742676,-1.0156797170639038,-1.1927039623260498,1.2566622495651245,1.618981122970581,-3.057405710220337,-1.4033524990081787
0,0.016792722046375275,0.5989595055580139,-0.060640670359134674,0.2378331571817398,0.6329228281974792,0.2612556517124176,-0.3709907829761505,-0.6513943076133728,-0.9646731019020081,-1.1761701107025146,1.2553315162658691,1.5953999757766724,-2.840714454650879,-1.424715518951416
0,-0.0540182963013649,0.5835698246955872,0.02721530571579933,0.16175143420696259,0.6418339610099792,0.3044992685317993,-0.4532642960548401,-0.5754660964012146,-0.8907400369644165,-1.1387438774108887,1.2601412534713745,1.5589531660079956,-2.5271124839782715,-1.4461634159088135
0,-0.1274936944246292,0.5544299483299255,0.0866631418466568,0.07477152347564697,0.6494209170341492,0.353585422039032,-0.5285375118255615,-0.5098422765731812,-0.8216870427131653,-1.0823863744735718,1.2606821060180664,1.503503680229187,-2.156794309616089,-1.435968041419983
0,-0.150193452835083,0.5117009282112122,0.11454097181558609,-0.014738127589225769,0.6817225813865662,0.443511962890625,-0.5754433274269104,-0.4586699903011322,-1.0186036825180054,-1.1721127033233643,1.2713826894760132,1.419601321220398,-1.8645195960998535,-1.3677622079849243
0,-0.06197785586118698,0.4758918881416321,0.11662019044160843,-0.07194032520055771,0.6330412030220032,0.5146629810333252,-0.5651702880859375,-0.4414741098880768,-1.3298901319503784,-1.2329951524734497,1.2466453313827515,1.3703322410583496,-1.7201311588287354,-1.4017322063446045
0,0.033200059086084366,0.4215947687625885,0.05290467292070389,-0.08465209603309631,0.4825707972049713,0.5829967260360718,-0.5539863109588623,-0.5021514892578125,-1.4564818143844604,-1.2997561693191528,1.3033051490783691,1.4839433431625366,-1.750105619430542,-1.793798565864563
0,0.10215441137552261,0.3671523928642273,-0.025919610634446144,-0.024748139083385468,0.2890560030937195,0.6390841007232666,-0.5410947799682617,-0.5805043578147888,-1.3384536504745483,-1.354323387145996,1.3609099388122559,1.624284267425537,-1.792913556098938,-2.1524851322174072
0,0.16889551281929016,0.32995957136154175,-0.08063219487667084,0.10783668607473373,0.12606555223464966,0.6788555979728699,-0.5257189869880676,-0.6606322526931763,-1.2036855220794678,-1.3848235607147217,1.405541181564331,1.728813648223877,-1.8336771726608276,-2.357497215270996
0,0.22463089227676392,0.2994502782821655,-0.12857751548290253,0.2698204517364502,0.01404438354074955,0.709524929523468,-0.4898683726787567,-0.7443928122520447,-1.0792943239212036,-1.400015950202942,1.4260318279266357,1.7786526679992676,-1.8844157457351685,-2.332723617553711
0,0.261402428150177,0.2655513882637024,-0.18585439026355743,0.416826069355011,-0.037403788417577744,0.7360462546348572,-0.433930367231369,-0.8254777789115906,-0.9861143231391907,-1.4042329788208008,1.4287370443344116,1.7813469171524048,-1.9388790130615234,-2.151223659515381
0,0.282130628824234,0.22723150253295898,-0.25622618198394775,0.5311591625213623,-0.0316305086016655,0.757908821105957,-0.36697885394096375,-0.8875716924667358,-0.9236705303192139,-1.395395040512085,1.4254884719848633,1.7467149496078491,-1.988090991973877,-1.8903392553329468
0,0.29258832335472107,0.18964770436286926,-0.3356887102127075,0.6027355194091797,0.01638134941458702,0.769830048084259,-0.2943001985549927,-0.9370043277740479,-0.8959184885025024,-1.3703967332839966,1.4154895544052124,1.7340587377548218,-2.025482416152954,-1.7895325422286987
0,0.29763898253440857,0.15895439684391022,-0.4143635332584381,0.641816258430481,0.07511638849973679,0.76691073179245,-0.22929534316062927,-0.975490927696228,-0.8703634738922119,-1.3260835409164429,1.403696894645691,1.7395950555801392,-2.040640354156494,-1.711237907409668
0,0.29943034052848816,0.13727924227714539,-0.4857430160045624,0.6488261818885803,0.12200423330068588,0.7491750717163086,-0.18387718498706818,-0.9986216425895691,-0.8320667147636414,-1.267701268196106,1.393544316291809,1.7510836124420166,-2.024984121322632,-1.6736077070236206
0,0.3025217354297638,0.1333528459072113,-0.5282001495361328,0.6258119344711304,0.1430990993976593,0.715356171131134,-0.1548430621623993,-1.017730474472046,-0.7473354935646057,-1.1954526901245117,1.380942940711975,1.7879664897918701,-2.028798818588257,-1.6282129287719727
0,0.32510796189308167,0.15438908338546753,-0.5292811989784241,0.5975053310394287,0.19829417765140533,0.6758164763450623,-0.13869069516658783,-1.036954641342163,-0.7324072122573853,-1.160293459892273,1.3766639232635498,1.8139206171035767,-2.166703939437866,-1.5697972774505615
0,0.3337741494178772,0.2281515896320343,-0.4979310929775238,0.5619838833808899,0.2814338803291321,0.6371887922286987,-0.1457759588956833,-1.057151436805725,-0.7728802561759949,-1.2177764177322388,1.4078788757324219,1.8392499685287476,-2.542083740234375,-1.4987902641296387
0,0.3257383108139038,0.31189221143722534,-0.41939398646354675,0.5178942680358887,0.34935882687568665,0.5928190350532532,-0.17368410527706146,-1.069114089012146,-0.8096321821212769,-1.2958084344863892,1.3994555473327637,1.84458589553833,-2.739356517791748,-1.433167576789856
0,0.29792606830596924,0.3725614845752716,-0.31789159774780273,0.460720032453537,0.4039038121700287,0.5384085774421692,-0.21220651268959045,-1.0801045894622803,-0.8357455730438232,-1.2635794878005981,1.3645381927490234,1.8472676277160645,-2.8426671028137207,-1.3793896436691284
0,0.2536102533340454,0.40611329674720764,-0.20503033697605133,0.3924497365951538,0.44619372487068176,0.4958966374397278,-0.26189956068992615,-1.089539885520935,-0.8453982472419739,-1.2144582271575928,1.321659803390503,1.8544069528579712,-2.800412178039551,-1.3415204286575317
0,0.20892047882080078,0.4134710431098938,-0.0768699198961258,0.32475271821022034,0.4793091118335724,0.47673895955085754,-0.3165554404258728,-1.0835078954696655,-0.834998369216919,-1.1949962377548218,1.2838454246520996,1.8583464622497559,-2.6224799156188965,-1.3284507989883423
0,0.168381005525589,0.4229221045970917,0.05425821989774704,0.25750312209129333,0.5055947303771973,0.48011982440948486,-0.3679402768611908,-1.0593953132629395,-0.8040667176246643,-1.1633597612380981,1.2532175779342651,1.8532754182815552,-2.3649444580078125,-1.3389008045196533
0,0.12928134202957153,0.43825024366378784,0.1709395945072174,0.18535499274730682,0.5259361863136292,0.506800651550293,-0.41816389560699463,-1.0254069566726685,-0.754600465297699,-1.145805835723877,1.24649178981781,1.8342604637145996,-2.0893566608428955,-1.3555752038955688
0,0.08629442751407623,0.4453657865524292,0.25508156418800354,0.10258577018976212,0.5408229231834412,0.5476195812225342,-0.46648043394088745,-0.9797601103782654,-0.697873592376709,-1.1496696472167969,1.2600181102752686,1.7870234251022339,-1.827965259552002,-1.3749035596847534
0,0.04540116712450981,0.42555004358291626,0.28482574224472046,0.003321014577522874,0.5578235983848572,0.5892655849456787,-0.5006052851676941,-0.9278138875961304,-0.7257140278816223,-1.1508694887161255,1.2790430784225464,1.7062115669250488,-1.6414542198181152,-1.3907724618911743
0,0.05072350427508354,0.37748271226882935,0.27584758400917053,-0.067206971347332,0.5531100034713745,0.6226670145988464,-0.5110589861869812,-0.8979539275169373,-0.9478071331977844,-1.1436563730239868,1.275869369506836,1.6557114124298096,-1.5508629083633423,-1.4210400581359863
0,0.07753662019968033,0.32813891768455505,0.2446448653936386,-0.07189188152551651,0.4904979169368744,0.6735049486160278,-0.49163857102394104,-0.9019331932067871,-1.1402819156646729,-1.2483922243118286,1.245286464691162,1.700106143951416,-1.58316171169281,-1.522985577583313
0,0.09159284830093384,0.28085118532180786,0.18999487161636353,-0.020360726863145828,0.4083273708820343,0.7113991975784302,-0.487936407327652,-0.9111357927322388,-1.1517720222473145,-1.3341706991195679,1.2897011041641235,1.7832419872283936,-1.644970178604126,-1.6770405769348145
0,0.10560773313045502,0.2448892742395401,0.11969836801290512,0.07121484726667404,0.3420661389827728,0.7337163090705872,-0.489834725856781,-0.9119528532028198,-1.1043721437454224,-1.400355339050293,1.3747211694717407,1.8559144735336304,-1.739159345626831,-1.851857304573059
0,0.12820716202259064,0.22482113540172577,0.0631878450512886,0.2035309374332428,0.2998424172401428,0.7424383163452148,-0.4910748600959778,-0.930191695690155,-1.0110028982162476,-1.446723461151123,1.4547683000564575,1.944631576538086,-1.8346551656723022,-1.9075618982315063
0,0.13966047763824463,0.21463166177272797,0.0163216982036829,0.37472769618034363,0.300400972366333,0.7412367463111877,-0.5027597546577454,-0.9483991265296936,-1.0011028051376343,-1.47446870803833,1.5416038036346436,2.0333504676818848,-1.9108121395111084,-1.8616747856140137
0,0.12889106571674347,0.19589419662952423,-0.04880809038877487,0.5125070810317993,0.36508020758628845,0.7290327548980713,-0.5168308615684509,-0.9487907290458679,-1.0659397840499878,-1.4783037900924683,1.6306872367858887,2.0736277103424072,-1.956386685371399,-1.7483240365982056
0,0.1178077757358551,0.1786186248064041,-0.1230868473649025,0.5696477890014648,0.400530606508255,0.7067953944206238,-0.5388754606246948,-0.9367181062698364,-1.087753176689148,-1.4774779081344604,1.7123459577560425,2.0658106803894043,-1.97376549243927,-1.7144761085510254
0,0.11453662812709808,0.1708582639694214,-0.19850845634937286,0.5411864519119263,0.4251222610473633,0.6690273284912109,-0.555699348449707,-0.9317483901977539,-1.086660623550415,-1.4582581520080566,1.7780425548553467,2.0630757808685303,-1.9814231395721436,-1.6901531219482422
0,0.12544037401676178,0.17903941869735718,-0.22379383444786072,0.4840932786464691,0.442769318819046,0.617668092250824,-0.5510771870613098,-0.9458328485488892,-1.0717228651046753,-1.4131839275360107,1.7934271097183228,2.05557918548584,-2.0295231342315674,-1.6871994733810425
0,0.1410672813653946,0.18907862901687622,-0.1910487562417984,0.4369284510612488,0.4558880925178528,0.5755891799926758,-0.5451273322105408,-0.9782629609107971,-1.0546822547912598,-1.4259767532348633,1.780012607574463,2.043607473373413,-2.0877397060394287,-1.644119143486023
0,0.15404629707336426,0.18727830052375793,-0.11753898113965988,0.393434077501297,0.4629175662994385,0.547377347946167,-0.5497648119926453,-1.0052587985992432,-1.0320903062820435,-1.4226646423339844,1.7479722499847412,2.023813009262085,-2.070169687271118,-1.6032356023788452
0,0.16571760177612305,0.175363689661026,-0.023524796590209007,0.35322779417037964,0.46520838141441345,0.5351157188415527,-0.5695544481277466,-1.0116246938705444,-1.006893277168274,-1.4080638885498047,1.7163676023483276,1.987741470336914,-1.9981409311294556,-1.5846627950668335
0,0.17712916433811188,0.16114264726638794,0.08153983950614929,0.3156996965408325,0.4647088348865509,0.5393922924995422,-0.5965756773948669,-0.9966558814048767,-0.9809703826904297,-1.3804311752319336,1.674067735671997,1.9344255924224854,-1.8567872047424316,-1.5895782709121704
0,0.1830572932958603,0.14772383868694305,0.17082399129867554,0.27336978912353516,0.46126770973205566,0.5609766840934753,-0.6190621256828308,-0.9667987823486328,-0.949574887752533,-1.3457766771316528,1.620261549949646,1.8698017597198486,-1.697214126586914,-1.61691153049469
0,0.18021777272224426,0.1380542665719986,0.22255820035934448,0.22224195301532745,0.45841047167778015,0.5983150601387024,-0.6361279487609863,-0.9282913208007812,-0.9178319573402405,-1.3188217878341675,1.5653854608535767,1.7986353635787964,-1.540304183959961,-1.664939522743225
0,0.15677756071090698,0.13061878085136414,0.21424438059329987,0.17914456129074097,0.4606190025806427,0.6372602581977844,-0.6614972352981567,-0.9046019911766052,-0.928632915019989,-1.2546942234039307,1.558861255645752,1.7646307945251465,-1.4958325624465942,-1.7045854330062866
0,0.11245330423116684,0.11822006851434708,0.14385764300823212,0.1849845051765442,0.47103947401046753,0.6613772511482239,-0.697751522064209,-0.9156174063682556,-1.086404800415039,-1.195006012916565,1.6104947328567505,1.835884690284729,-1.4524179697036743,-1.7136017084121704
0,0.056858837604522705,0.10241679847240448,0.07141310721635818,0.24670624732971191,0.488121896982193,0.6581519246101379,-0.7156322598457336,-0.9114875793457031,-1.2329951524734497,-1.1915342807769775,1.6452275514602661,1.9443093538284302,-1.4664866924285889,-1.671294927597046
0,0.005690806545317173,0.09666629135608673,0.027416815981268883,0.3294017016887665,0.506777822971344,0.673774778842926,-0.7295611500740051,-0.8409540057182312,-1.2046900987625122,-1.275071620941162,1.6948559284210205,1.978670358657837,-1.5101256370544434,-1.666947603225708
0,0.017449138686060905,0.10502764582633972,-0.008050452917814255,0.3741398751735687,0.5337156653404236,0.6705024838447571,-0.7471083998680115,-0.7721240520477295,-1.2426338195800781,-1.324296236038208,1.759164571762085,1.973588466644287,-1.556968092918396,-1.6896076202392578
0,0.023862725123763084,0.10976827889680862,-0.05155828595161438,0.3611398935317993,0.5469571948051453,0.6589990854263306,-0.7546505331993103,-0.7248972058296204,-1.2560060024261475,-1.3593683242797852,1.8121482133865356,1.960098385810852,-1.6043988466262817,-1.7261736392974854
0,0.03160114586353302,0.11690151691436768,-0.09180963039398193,0.31838056445121765,0.5531293153762817,0.6383626461029053,-0.7490440607070923,-0.7010725736618042,-1.2602505683898926,-1.3801511526107788,1.8451510667800903,1.9321295022964478,-1.6553432941436768,-1.7964943647384644
0,0.044409967958927155,0.12985071539878845,-0.12241516262292862,0.2839448153972626,0.5542001724243164,0.6091606020927429,-0.7405875325202942,-0.7053926587104797,-1.262601613998413,-1.3877400159835815,1.861732006072998,1.9008129835128784,-1.698023796081543,-1.8163141012191772
0,0.058373644948005676,0.12752129137516022,-0.13570794463157654,0.2560565769672394,0.5510507225990295,0.571945309638977,-0.7297135591506958,-0.7225077748298645,-1.2648836374282837,-1.3785877227783203,1.8580763339996338,1.8665637969970703,-1.7148324251174927,-1.8059598207473755
0,0.07291226089000702,0.10022857785224915,-0.10944298654794693,0.23605823516845703,0.5455461740493774,0.5428565740585327,-0.7143486142158508,-0.7418761849403381,-1.2675777673721313,-1.4249341487884521,1.8269567489624023,1.8334777355194092,-1.7116466760635376,-1.7869188785552979
0,0.09048964083194733,0.0663931667804718,-0.04432707652449608,0.22648075222969055,0.5385425686836243,0.5216559767723083,-0.7052261233329773,-0.7501610517501831,-1.2689570188522339,-1.4386701583862305,1.7779245376586914,1.7985162734985352,-1.6698951721191406,-1.7794382572174072
0,0.10358549654483795,0.031141888350248337,0.023768803104758263,0.21668893098831177,0.5288248062133789,0.50929856300354,-0.7030560374259949,-0.7507070302963257,-1.2655482292175293,-1.399317979812622,1.7187429666519165,1.7651458978652954,-1.604306697845459,-1.7864750623703003
0,0.10743552446365356,0.00033745868131518364,0.059355370700359344,0.19840800762176514,0.5172711610794067,0.5082693696022034,-0.7074038982391357,-0.7511031627655029,-1.258333683013916,-1.3171334266662598,1.6684316396713257,1.736313819885254,-1.563616394996643,-1.8028022050857544
0,0.10107368975877762,-0.0190420001745224,0.04366962984204292,0.16951431334018707,0.507719099521637,0.5144074559211731,-0.7202489376068115,-0.7623546719551086,-1.255824089050293,-1.2201642990112305,1.6562460660934448,1.7184700965881348,-1.5287842750549316,-1.8170417547225952
0,0.07732894271612167,-0.029207682237029076,0.012832235544919968,0.14499154686927795,0.5126805305480957,0.5227853655815125,-0.7300534248352051,-0.7883241772651672,-1.2710481882095337,-1.2794626951217651,1.6637673377990723,1.7361761331558228,-1.5285546779632568,-1.8090320825576782
0,0.04052634909749031,-0.03723378852009773,-0.009215313009917736,0.13134977221488953,0.5277587175369263,0.5234673619270325,-0.7337492108345032,-0.8061135411262512,-1.2938398122787476,-1.3039565086364746,1.6807715892791748,1.7768789529800415,-1.5466790199279785,-1.7744437456130981
0,0.005644525866955519,-0.04252634942531586,-0.024972593411803246,0.1150624081492424,0.5459426045417786,0.5188493132591248,-0.7411379218101501,-0.8181219696998596,-1.3109934329986572,-1.3093602657318115,1.704084873199463,1.8114404678344727,-1.5620123147964478,-1.7308220863342285
0,-0.015862736850976944,-0.04471767321228981,-0.03599509596824646,0.09452751278877258,0.5651936531066895,0.5110325813293457,-0.73923259973526,-0.8200286626815796,-1.3282374143600464,-1.3056522607803345,1.7223204374313354,1.8283733129501343,-1.5908892154693604,-1.7048274278640747
0,-0.02819122187793255,-0.045835547149181366,-0.04249924048781395,0.0747738927602768,0.5793349146842957,0.500832736492157,-0.7295846343040466,-0.8109433650970459,-1.325170636177063,-1.2958619594573975,1.7308152914047241,1.8282380104064941,-1.627594232559204,-1.6836439371109009
0,-0.02838633954524994,-0.04338829964399338,-0.04136432334780693,0.0675206407904625,0.5846892595291138,0.48831599950790405,-0.7245786190032959,-0.7986199259757996,-1.308639407157898,-1.2841367721557617,1.7345513105392456,1.8176629543304443,-1.6573572158813477,-1.6784864664077759
0,-0.024195875972509384,-0.03909967839717865,-0.03620542958378792,0.07185465097427368,0.5832736492156982,0.4741368293762207,-0.7271585464477539,-0.7888954281806946,-1.3219565153121948,-1.2729008197784424,1.73625910282135,1.8017489910125732,-1.67525053024292,-1.6909228563308716
0,-0.022223250940442085,-0.03699501231312752,-0.03383495286107063,0.07389848679304123,0.5792745351791382,0.4590289890766144,-0.7341050505638123,-0.7832489609718323,-1.332240343093872,-1.2623239755630493,1.7361375093460083,1.7840230464935303,-1.6812639236450195,-1.6972650289535522
0,-0.02221170999109745,-0.03680243343114853,-0.034675389528274536,0.07270453125238419,0.5729437470436096,0.4438897967338562,-0.7445902824401855,-0.7797921299934387,-1.3377279043197632,-1.2526233196258545,1.7360327243804932,1.7660191059112549,-1.677412509918213,-1.699347972869873
0,-0.022731907665729523,-0.03709600120782852,-0.037442129105329514,0.06963904201984406,0.5658416748046875,0.42959728837013245,-0.7561147809028625,-0.7770232558250427,-1.3394579887390137,-1.2441338300704956,1.7370437383651733,1.7488712072372437,-1.6695642471313477,-1.7008516788482666
0,-0.022882813587784767,-0.03694549947977066,-0.040976569056510925,0.06589178740978241,0.5592817664146423,0.4166121482849121,-0.765762984752655,-0.774671196937561,-1.3394889831542969,-1.236953854560852,1.7385914325714111,1.7333018779754639,-1.6634513139724731,-1.7026525735855103
0,-0.022406015545129776,-0.03599800541996956,-0.04446448013186455,0.062292855232954025,0.5537183284759521,0.40661320090293884,-0.7727200984954834,-0.7723652124404907,-1.3387374877929688,-1.2312754392623901,1.7406953573226929,1.719619631767273,-1.6612586975097656,-1.7052613496780396
0,-0.021932516247034073,-0.03255327790975571,-0.047869350761175156,0.05872609093785286,0.5488612055778503,0.4038904905319214,-0.7772733569145203,-0.7695397138595581,-1.3368432521820068,-1.2299551963806152,1.7428297996520996,1.7084847688674927,-1.6612013578414917,-1.7105839252471924
0,-0.021595753729343414,-0.027647458016872406,-0.04909784346818924,0.055106379091739655,0.5443133115768433,0.40621185302734375,-0.7793341279029846,-0.7670809030532837,-1.3334550857543945,-1.2328128814697266,1.7447586059570312,1.700270414352417,-1.6577876806259155,-1.716966152191162
0,-0.02213446982204914,-0.024543151259422302,-0.04931676387786865,0.05062226578593254,0.5403841137886047,0.4103315472602844,-0.7786492109298706,-0.765405535697937,-1.3292092084884644,-1.2369595766067505,1.7456953525543213,1.6952085494995117,-1.6519476175308228,-1.724791407585144
0,-0.0236765556037426,-0.025552578270435333,-0.05269308760762215,0.04495017230510712,0.5367774963378906,0.41119563579559326,-0.7776191830635071,-0.764415442943573,-1.3249011039733887,-1.2403496503829956,1.7473070621490479,1.6923434734344482,-1.651233434677124,-1.7343181371688843
0,-0.025838322937488556,-0.027518559247255325,-0.059207551181316376,0.0387001633644104,0.5333778262138367,0.4084916114807129,-0.7797560095787048,-0.7643112540245056,-1.321165919303894,-1.244471549987793,1.7503291368484497,1.690114140510559,-1.6535241603851318,-1.743107795715332
0,-0.027227334678173065,-0.028723645955324173,-0.0643811747431755,0.03380940109491348,0.5295498967170715,0.40555664896965027,-0.7833683490753174,-0.7648458480834961,-1.3160195350646973,-1.2462842464447021,1.7541214227676392,1.6885793209075928,-1.6528546810150146,-1.7491196393966675
0,-0.02769322879612446,-0.029015710577368736,-0.06819634884595871,0.030217142775654793,0.5257900953292847,0.4017223119735718,-0.786141037940979,-0.7666615843772888,-1.310089349746704,-1.2450580596923828,1.7576345205307007,1.6879751682281494,-1.6526790857315063,-1.7517085075378418
0,-0.027443446218967438,-0.028596244752407074,-0.07097909599542618,0.027664974331855774,0.5223336219787598,0.3975987136363983,-0.787522554397583,-0.7694897651672363,-1.304290533065796,-1.2422921657562256,1.7603121995925903,1.68788743019104,-1.6540361642837524,-1.7513166666030884
0,-0.026998234912753105,-0.028003476560115814,-0.07314728945493698,0.02566475421190262,0.5190417170524597,0.3936920464038849,-0.7879225015640259,-0.7726757526397705,-1.2987208366394043,-1.2391117811203003,1.7621042728424072,1.6879146099090576,-1.6559298038482666,-1.7491521835327148
0,-0.026747915893793106,-0.027620963752269745,-0.07517135143280029,0.023796118795871735,0.516014039516449,0.39025795459747314,-0.7876735925674438,-0.7757300138473511,-1.2931995391845703,-1.2360317707061768,1.7630351781845093,1.688185453414917,-1.6577645540237427,-1.746680736541748
0,-0.026717400178313255,-0.027479466050863266,-0.07706600427627563,0.022014034911990166,0.5129950642585754,0.38739120960235596,-0.7872201800346375,-0.7782728672027588,-1.2874257564544678,-1.2332369089126587,1.7634762525558472,1.688584804534912,-1.6588492393493652,-1.7446056604385376
0,-0.026878563687205315,-0.02755223587155342,-0.0789148211479187,0.0202498696744442,0.5099396705627441,0.38499096035957336,-0.7866964936256409,-0.7803279757499695,-1.281433343887329,-1.230648398399353,1.7635186910629272,1.6889699697494507,-1.6591094732284546,-1.7429249286651611
0,-0.02708916738629341,-0.027676885947585106,-0.08066026866436005,0.018581097945570946,0.506948709487915,0.3829396367073059,-0.7860296368598938,-0.7819928526878357,-1.275087833404541,-1.2281570434570312,1.763150691986084,1.6894229650497437,-1.6586596965789795,-1.741560935974121
0,-0.027285851538181305,-0.02780127339065075,-0.08234001696109772,0.016973474994301796,0.5039991140365601,0.38124510645866394,-0.7851158380508423,-0.7833804488182068,-1.268593430519104,-1.2258516550064087,1.7627912759780884,1.689965844154358,-1.6583293676376343,-1.7404069900512695
0,-0.027335146442055702,-0.027782194316387177,-0.08376982063055038,0.015594981610774994,0.5010491609573364,0.37969356775283813,-0.7841782569885254,-0.7845432758331299,-1.2618988752365112,-1.2234578132629395,1.762170433998108,1.6904430389404297,-1.6573240756988525,-1.7392162084579468
0,-0.027266696095466614,-0.02764199487864971,-0.08497677743434906,0.014426731504499912,0.49832096695899963,0.3782327175140381,-0.7830843329429626,-0.785538375377655,-1.2552119493484497,-1.2209194898605347,1.7612993717193604,1.6908365488052368,-1.6560251712799072,-1.737854242324829
0,-0.027107130736112595,-0.027423899620771408,-0.08599314838647842,0.013433028012514114,0.4954575300216675,0.3769020736217499,-0.7817538380622864,-0.7864123582839966,-1.248387336730957,-1.2183558940887451,1.760053277015686,1.6911169290542603,-1.6545838117599487,-1.736262321472168
0,-0.02687382511794567,-0.02713947743177414,-0.08683517575263977,0.012599491514265537,0.49245619773864746,0.3756292462348938,-0.7802207469940186,-0.7872158288955688,-1.2413140535354614,-1.2157137393951416,1.7584223747253418,1.6912915706634521,-1.6529481410980225,-1.7344099283218384
0,-0.026644466444849968,-0.026846295222640038,-0.08761671185493469,0.011836281046271324,0.4896236062049866,0.374417781829834,-0.7784229516983032,-0.7879828810691833,-1.234246015548706,-1.2130218744277954,1.7564146518707275,1.6914328336715698,-1.6513117551803589,-1.7323540449142456
0,-0.026382261887192726,-0.02654637023806572,-0.08825600892305374,0.011176674626767635,0.4866068661212921,0.37331563234329224,-0.776508629322052,-0.7887008190155029,-1.227064609527588,-1.2104368209838867,1.7541028261184692,1.691510558128357,-1.6493955850601196,-1.730134129524231
0,-0.02609279379248619,-0.026222053915262222,-0.08877058327198029,0.010630129836499691,0.48342281579971313,0.37223586440086365,-0.7745320796966553,-0.7893927693367004,-1.2196614742279053,-1.2077810764312744,1.7514668703079224,1.6915005445480347,-1.6471821069717407,-1.7276980876922607
0,-0.025792520493268967,-0.02590148150920868,-0.08918608725070953,0.010168297216296196,0.4801977276802063,0.37114444375038147,-0.7724478244781494,-0.7901059985160828,-1.212213397026062,-1.2050787210464478,1.7485243082046509,1.6914483308792114,-1.6447656154632568,-1.7250113487243652
0,-0.025480926036834717,-0.025557421147823334,-0.08953577280044556,0.009800671599805355,0.47704631090164185,0.37013545632362366,-0.7702139019966125,-0.7908315658569336,-1.204870343208313,-1.2023717164993286,1.7453536987304688,1.6913982629776,-1.6424351930618286,-1.7221293449401855
0,-0.025168227031826973,-0.02520727925002575,-0.08977638930082321,0.009495452977716923,0.473855584859848,0.3691541254520416,-0.7679175138473511,-0.7916958928108215,-1.1973665952682495,-1.19967520236969,1.7419670820236206,1.691428542137146,-1.6398935317993164,-1.7189857959747314
0,-0.02481761947274208,-0.024854201823472977,-0.08988616615533829,0.009318763390183449,0.47048303484916687,0.3681086003780365,-0.7655550837516785,-0.7925909161567688,-1.1898467540740967,-1.196905493736267,1.738304853439331,1.6914103031158447,-1.6372442245483398,-1.7155613899230957
0,-0.02443617768585682,-0.024468347430229187,-0.08989423513412476,0.009245133027434349,0.4669482707977295,0.3670797348022461,-0.7631107568740845,-0.7935713529586792,-1.182146668434143,-1.194043755531311,1.734348177909851,1.6912710666656494,-1.6345100402832031,-1.7117475271224976
0,-0.024036817252635956,-0.02408544160425663,-0.08978355675935745,0.009266775101423264,0.46339285373687744,0.3659234642982483,-0.7606827020645142,-0.7946177124977112,-1.174504041671753,-1.1910337209701538,1.7302526235580444,1.6911872625350952,-1.6315592527389526,-1.7077172994613647
0,-0.02365017682313919,-0.02369653433561325,-0.08961202204227448,0.009336242452263832,0.4599061608314514,0.3648681640625,-0.7582290172576904,-0.7957532405853271,-1.167000412940979,-1.1880748271942139,1.7259893417358398,1.6910287141799927,-1.6284799575805664,-1.7034060955047607
0,-0.02329248934984207,-0.02334541454911232,-0.0894133523106575,0.009454759769141674,0.45639631152153015,0.36374586820602417,-0.7556974291801453,-0.7969646453857422,-1.1593738794326782,-1.1850934028625488,1.72157621383667,1.6909273862838745,-1.6255124807357788,-1.6988868713378906
0,-0.022879166528582573,-0.022946739569306374,-0.08907098323106766,0.009685652330517769,0.4527469575405121,0.3626757860183716,-0.7531765103340149,-0.7982423305511475,-1.151799201965332,-1.1820781230926514,1.71703040599823,1.6908870935440063,-1.6223872900009155,-1.6942064762115479
0,-0.02246650867164135,-0.022590074688196182,-0.08863848447799683,0.00999075174331665,0.4489709734916687,0.3614594638347626,-0.7506271004676819,-0.7994900345802307,-1.144167423248291,-1.178938627243042,1.712243676185608,1.6905767917633057,-1.6191346645355225,-1.6892669200897217
0,-0.022077808156609535,-0.022230984643101692,-0.08817145228385925,0.01034595537930727,0.4451645612716675,0.3603159487247467,-0.74805748462677,-0.8007696270942688,-1.1365196704864502,-1.1757346391677856,1.7073309421539307,1.6902939081192017,-1.6158541440963745,-1.684125304222107
0,-0.021764768287539482,-0.021981270983815193,-0.08772855252027512,0.01065751537680626,0.4414404034614563,0.3590764105319977,-0.7454259991645813,-0.8021219968795776,-1.1289920806884766,-1.1724791526794434,1.7023226022720337,1.6901915073394775,-1.6125128269195557,-1.679003119468689
0,-0.02147134765982628,-0.02168872207403183,-0.08723030239343643,0.011016733013093472,0.4377855360507965,0.35799914598464966,-0.7428147792816162,-0.803413450717926,-1.1214994192123413,-1.1693699359893799,1.6972790956497192,1.6897683143615723,-1.6091673374176025,-1.673634648323059
0,-0.021109705790877342,-0.02141328528523445,-0.08664137870073318,0.011484409682452679,0.4340055286884308,0.35675865411758423,-0.7402635216712952,-0.8046984672546387,-1.1140923500061035,-1.166137456893921,1.6921863555908203,1.6895407438278198,-1.605825424194336,-1.6684662103652954
0,-0.020752770826220512,-0.021115507930517197,-0.0859774500131607,0.012007251381874084,0.4300931990146637,0.35560157895088196,-0.7377530336380005,-0.8058634400367737,-1.1065545082092285,-1.1628477573394775,1.6870090961456299,1.6890500783920288,-1.602279543876648,-1.6631038188934326
0,-0.020483287051320076,-0.02095591276884079,-0.08537523448467255,0.012460825964808464,0.42612403631210327,0.3542574644088745,-0.7351741790771484,-0.8069939613342285,-1.0989705324172974,-1.159439206123352,1.6816426515579224,1.688555359840393,-1.5986688137054443,-1.6577836275100708
0,-0.020255953073501587,-0.020785583183169365,-0.08481676131486893,0.012881962582468987,0.42228904366493225,0.3530503213405609,-0.7326233983039856,-0.8081363439559937,-1.0915906429290771,-1.1560986042022705,1.6762663125991821,1.6879982948303223,-1.5950483083724976,-1.652370572090149
0,-0.020082900300621986,-0.020673329010605812,-0.08424869179725647,0.013295046053826809,0.41854116320610046,0.35172948241233826,-0.7300737500190735,-0.8091965913772583,-1.0842671394348145,-1.152823805809021,1.670853853225708,1.687125325202942,-1.5914089679718018,-1.6468584537506104
0,0.0,0.0,0.0,0.0,0.5437092781066895,0.21182602643966675,-0.7583997845649719,-0.667754054069519,-1.1286367177963257,-0.7170212864875793,1.7215936183929443,1.611680269241333,-1.0982544422149658,-1.102565050125122
0,0.0,0.0,0.0,0.0,0.4102,0.4102,-0.6981,-0.6981,-1.2716,-1.2716,1.676,1.676,-1.7219,-1.7219